{"xp": [1.3968672647024505e-05, 0.009725747630000114, 0.009736831299960613, 0.01850474812090397, 0.018525054678320885, 0.026484055444598198, 0.0264968890696764, 0.03696143254637718, 0.036995600908994675, 0.04200310632586479, 0.04203874245285988, 0.051052454859018326, 0.051155976951122284, 0.0713936984539032, 0.07151268422603607, 0.08612840622663498, 0.08616548031568527, 0.10826017707586288, 0.10828632116317749, 0.11627055704593658, 0.11646844446659088, 0.13563016057014465, 0.13570937514305115, 0.1755237728357315, 0.17566879093647003, 0.23514153063297272, 0.2352256029844284, 0.33922168612480164, 0.3394469916820526, 0.4249647259712219, 0.42505696415901184, 0.44486597180366516, 0.44494256377220154, 0.47545722126960754, 0.47577953338623047, 0.5582408905029297, 0.5582823157310486, 0.562248945236206, 0.5623465776443481, 0.5684149265289307, 0.5688153505325317, 0.586717426776886, 0.5869357585906982, 0.6317752599716187, 0.6321131587028503, 0.6680461764335632, 0.6687169671058655, 0.7047741413116455, 0.7047886848449707, 0.7171257734298706, 0.7172651290893555, 0.7228103876113892, 0.7229456305503845, 0.736159086227417, 0.7370846271514893, 0.74726402759552, 0.7481589317321777, 0.7511857748031616, 0.7513507604598999, 0.7771428227424622, 0.777494490146637, 0.8237013220787048, 0.8237387537956238, 0.8312259912490845, 0.8313817977905273, 0.8464880585670471, 0.8465357422828674, 0.8674912452697754, 0.868009626865387, 0.8704587817192078, 0.8706471920013428, 0.9104153513908386, 0.9104581475257874, 0.918092668056488, 0.9181295037269592, 0.9237765669822693, 0.923795759677887, 0.9416935443878174, 0.9419224858283997, 0.9443424344062805, 0.9447194337844849, 0.9545552730560303, 0.9546911120414734, 0.9813123345375061, 0.9813733696937561, 0.9871145486831665, 0.987212598323822, 0.9999277591705322], "fp": [0.0, 0.0, 0.0023980815894901752, 0.0023980815894901752, 0.0035335689317435026, 0.0035335689317435026, 0.006430868059396744, 0.006430868059396744, 0.00826446246355772, 0.00826446246355772, 0.010101010091602802, 0.010101010091602802, 0.01344086043536663, 0.01344086043536663, 0.014084506779909134, 0.014084506779909134, 0.017182130366563797, 0.017182130366563797, 0.02247191034257412, 0.02247191034257412, 0.02500000037252903, 0.02500000037252903, 0.038235295563936234, 0.038235295563936234, 0.042553190141916275, 0.042553190141916275, 0.07692307978868484, 0.07692307978868484, 0.12060301750898361, 0.12060301750898361, 0.151162788271904, 0.151162788271904, 0.1652892529964447, 0.1652892529964447, 0.1971014440059662, 0.1971014440059662, 0.22727273404598236, 0.22727273404598236, 0.260869562625885, 0.260869562625885, 0.27941176295280457, 0.27941176295280457, 0.2810457646846771, 0.2810457646846771, 0.3103448152542114, 0.3103448152542114, 0.37037035822868347, 0.37037035822868347, 0.3947368562221527, 0.3947368562221527, 0.4000000059604645, 0.4000000059604645, 0.4285714328289032, 0.4285714328289032, 0.4615384638309479, 0.4615384638309479, 0.5, 0.5, 0.53125, 0.53125, 0.5502645373344421, 0.5502645373344421, 0.5641025900840759, 0.5641025900840759, 0.5892857313156128, 0.5892857313156128, 0.6052631735801697, 0.6052631735801697, 0.6666666865348816, 0.6666666865348816, 0.7401130199432373, 0.7401130199432373, 0.7749999761581421, 0.7749999761581421, 0.807692289352417, 0.807692289352417, 0.8082191944122314, 0.8082191944122314, 0.8333333134651184, 0.8333333134651184, 0.9166666865348816, 0.9166666865348816, 0.9177215099334717, 0.9177215099334717, 0.9210526347160339, 0.9210526347160339, 1.0, 1.0]}